ListingID,City,RoomType,Bedrooms,Bathrooms,GuestsCapacity,HasWifi,HasAC,DistanceFromCityCenter,PricePerNight
1,Bengaluru,Shared room,2,4,3,0,0,16.45,18150
2,Mumbai,Entire home/apt,5,4,1,1,1,13.11,12877
3,Bengaluru,Shared room,4,4,3,1,0,0.62,7386
4,Mumbai,Private room,5,1,1,1,0,13.64,4974
5,Delhi,Shared room,1,1,6,0,0,4.92,8788
6,Mumbai,Shared room,2,2,2,0,1,6.26,13306
7,Delhi,Private room,2,1,4,1,1,7.11,17408
8,Bengaluru,Entire home/apt,3,2,2,0,1,14.24,5364
9,Goa,Private room,3,1,4,1,1,3.78,18830
10,Bengaluru,Entire home/apt,4,4,9,1,1,4.32,13004
11,Goa,Entire home/apt,4,4,5,0,1,6.91,18612
12,Delhi,Shared room,2,2,3,0,0,0.78,4632
13,Mumbai,Private room,4,4,6,0,0,17.27,5313
14,Mumbai,Shared room,5,1,8,0,1,10.03,19828
15,Mumbai,Entire home/apt,3,3,6,0,1,12.61,15644
16,Bengaluru,Shared room,1,2,9,0,0,3.11,5615
17,Mumbai,Entire home/apt,3,1,2,0,1,19.16,16995
18,Mumbai,Shared room,4,2,6,1,1,9.72,4432
19,Delhi,Entire home/apt,1,2,3,1,1,6.7,12093
20,Bengaluru,Entire home/apt,2,2,4,0,1,13.99,8754
21,Mumbai,Shared room,2,1,8,0,1,15.06,19009
22,Delhi,Shared room,2,1,1,0,0,17.56,1126
23,Mumbai,Shared room,5,3,10,1,0,1.73,11613
24,Mumbai,Private room,2,2,9,0,0,4.83,12224
25,Bengaluru,Shared room,5,3,9,1,1,8.03,7966
26,Bengaluru,Entire home/apt,4,1,3,0,1,6.8,18426
27,Bengaluru,Private room,1,2,10,0,0,12.98,17478
28,Goa,Entire home/apt,1,4,10,0,1,7.18,12105
29,Bengaluru,Private room,1,4,2,1,1,13.09,19473
30,Mumbai,Private room,1,3,6,1,0,19.9,14268
31,Bengaluru,Shared room,2,3,5,1,0,7.8,12420
32,Mumbai,Shared room,3,3,10,1,1,11.88,11979
33,Mumbai,Private room,4,3,4,0,1,18.73,16207
34,Delhi,Shared room,3,1,8,1,1,18.64,3326
35,Goa,Private room,5,4,6,1,1,10.55,17659
36,Mumbai,Entire home/apt,4,1,9,1,0,18.02,19036
37,Goa,Entire home/apt,3,2,5,1,1,11.99,3210
38,Goa,Shared room,5,2,2,1,1,15.55,6767
39,Mumbai,Shared room,1,3,9,1,0,16.01,3524
40,Goa,Private room,2,3,7,1,0,17.66,16858
41,Delhi,Entire home/apt,4,4,4,1,0,12.57,3182
42,Delhi,Entire home/apt,2,3,4,1,0,11.39,11059
43,Delhi,Entire home/apt,1,2,7,0,0,3.0,9653
44,Goa,Shared room,4,4,5,0,1,11.37,12108
45,Mumbai,Private room,5,2,4,1,1,10.34,7409
46,Delhi,Private room,1,1,7,1,0,12.86,14360
47,Goa,Shared room,2,4,5,0,0,1.08,5391
48,Mumbai,Shared room,4,1,4,0,0,12.52,3604
49,Delhi,Shared room,3,2,7,1,0,15.08,12575
50,Mumbai,Private room,2,1,8,0,1,2.3,2493
51,Goa,Private room,1,1,7,1,0,19.44,9656
52,Goa,Private room,5,1,9,0,1,6.88,7709
53,Bengaluru,Entire home/apt,4,3,8,1,1,13.17,9667
54,Delhi,Entire home/apt,2,3,4,1,1,5.54,5899
55,Bengaluru,Private room,2,1,3,1,1,10.39,13939
56,Goa,Shared room,5,3,1,0,1,11.05,10329
57,Bengaluru,Entire home/apt,3,2,2,1,1,6.7,6322
58,Bengaluru,Entire home/apt,1,3,3,1,0,12.54,3634
59,Mumbai,Private room,5,4,8,0,1,4.65,9643
60,Delhi,Shared room,5,4,3,0,0,19.36,7549
61,Goa,Entire home/apt,2,1,1,1,1,17.76,19746
62,Bengaluru,Private room,4,1,8,0,0,2.97,5023
63,Delhi,Shared room,5,2,9,0,0,8.2,16437
64,Delhi,Private room,3,1,8,0,1,11.17,6331
65,Mumbai,Private room,3,4,10,0,1,4.5,2920
66,Delhi,Shared room,5,1,7,0,1,7.51,14920
67,Delhi,Entire home/apt,1,2,9,1,0,15.61,11484
68,Mumbai,Shared room,5,2,2,0,1,5.68,4375
69,Delhi,Shared room,1,4,4,0,1,3.24,17495
70,Bengaluru,Shared room,2,3,3,0,0,4.89,3814
71,Bengaluru,Entire home/apt,4,4,7,1,0,19.18,909
72,Goa,Shared room,4,3,1,1,0,9.59,12674
73,Bengaluru,Entire home/apt,2,2,7,1,1,9.46,2354
74,Delhi,Private room,1,2,7,0,1,9.15,14589
75,Goa,Shared room,3,4,5,1,1,6.22,9236
76,Mumbai,Private room,4,1,10,0,1,12.21,3697
77,Delhi,Shared room,3,2,9,0,0,11.45,13664
78,Delhi,Entire home/apt,3,3,1,0,0,11.01,942
79,Delhi,Shared room,3,2,1,1,1,17.24,6214
80,Delhi,Shared room,5,1,8,0,0,4.7,18537
81,Mumbai,Shared room,4,1,9,1,1,9.76,19944
82,Delhi,Private room,4,4,9,0,1,12.71,5279
83,Bengaluru,Shared room,5,1,8,0,1,1.93,889
84,Goa,Shared room,3,3,1,1,1,17.93,6267
85,Delhi,Shared room,2,4,5,1,0,10.99,10493
86,Mumbai,Shared room,3,1,2,1,1,8.05,7177
87,Delhi,Shared room,5,2,1,1,0,16.54,14860
88,Mumbai,Shared room,3,4,3,1,1,2.92,12352
89,Delhi,Private room,5,2,1,0,0,7.19,18835
90,Goa,Entire home/apt,4,3,4,0,1,16.3,5654
91,Bengaluru,Shared room,3,1,7,1,0,16.17,17374
92,Goa,Shared room,1,1,10,0,0,11.74,14490
93,Mumbai,Entire home/apt,2,2,5,1,1,15.36,17047
94,Mumbai,Entire home/apt,3,2,4,0,1,10.36,16765
95,Delhi,Entire home/apt,2,4,10,1,1,6.08,12984
96,Delhi,Entire home/apt,2,3,1,0,0,8.81,12777
97,Delhi,Private room,1,1,1,1,0,5.43,19458
98,Mumbai,Entire home/apt,5,2,7,1,1,14.53,13641
99,Goa,Private room,2,4,1,1,1,4.79,14956
100,Delhi,Shared room,1,4,6,1,1,13.58,2148
101,Delhi,Shared room,3,3,4,1,0,12.18,14038
102,Bengaluru,Entire home/apt,3,2,2,0,0,18.02,18539
103,Delhi,Private room,4,4,5,1,0,11.77,2566
104,Goa,Private room,1,2,4,1,0,14.4,18280
105,Goa,Private room,5,1,8,1,0,1.6,18154
106,Bengaluru,Private room,4,3,7,1,0,17.04,15507
107,Mumbai,Shared room,2,4,4,1,0,16.79,7777
108,Goa,Entire home/apt,5,3,1,1,1,15.76,15835
109,Delhi,Entire home/apt,2,2,5,0,1,10.36,3951
110,Delhi,Shared room,2,3,2,0,0,17.29,9731
111,Mumbai,Shared room,1,3,6,0,0,10.09,11242
112,Mumbai,Entire home/apt,5,2,6,1,0,17.82,824
113,Bengaluru,Entire home/apt,5,3,5,0,1,17.04,12943
114,Delhi,Private room,2,2,6,1,0,3.46,17287
115,Goa,Shared room,5,2,8,1,0,5.05,12815
116,Goa,Private room,4,3,8,1,1,14.84,5121
117,Goa,Shared room,2,4,7,1,1,15.2,19409
118,Mumbai,Shared room,4,3,3,0,0,19.02,16056
119,Delhi,Entire home/apt,5,3,4,1,1,11.38,19152
120,Delhi,Entire home/apt,4,1,8,0,1,10.26,10822
121,Mumbai,Private room,3,4,4,1,1,10.11,13755
122,Goa,Entire home/apt,2,1,6,0,0,13.89,8116
123,Delhi,Entire home/apt,5,1,3,1,0,15.26,9050
124,Delhi,Private room,1,4,8,0,0,11.96,16675
125,Delhi,Entire home/apt,5,4,8,1,1,12.73,4898
126,Mumbai,Entire home/apt,1,2,9,1,1,19.03,14386
127,Bengaluru,Entire home/apt,1,3,10,0,1,4.45,9944
128,Delhi,Private room,2,3,4,0,1,2.93,1651
129,Goa,Entire home/apt,3,1,4,1,0,16.97,16007
130,Delhi,Shared room,4,2,8,1,1,7.71,2776
131,Mumbai,Entire home/apt,3,2,4,1,1,16.14,11023
132,Bengaluru,Private room,5,3,9,1,1,19.54,15425
133,Delhi,Entire home/apt,3,1,9,0,1,17.22,1593
134,Mumbai,Entire home/apt,5,1,9,1,1,11.21,12969
135,Bengaluru,Private room,5,4,7,1,1,15.26,17812
136,Delhi,Shared room,5,4,4,1,1,13.01,18902
137,Bengaluru,Shared room,3,4,8,0,1,18.69,971
138,Delhi,Entire home/apt,5,3,3,0,1,5.16,10989
139,Bengaluru,Shared room,3,1,1,0,1,14.97,4625
140,Delhi,Entire home/apt,2,2,1,0,1,17.27,13652
141,Mumbai,Shared room,4,1,7,0,0,13.22,14988
142,Bengaluru,Private room,2,1,3,1,0,13.76,14416
143,Mumbai,Entire home/apt,2,2,9,0,0,19.24,13591
144,Bengaluru,Private room,5,4,2,0,0,16.3,18296
145,Delhi,Private room,4,2,3,1,1,13.68,1355
146,Goa,Private room,5,3,3,1,0,2.89,9740
147,Goa,Entire home/apt,3,3,9,1,1,1.94,10956
148,Delhi,Private room,2,1,8,1,1,15.3,4104
149,Goa,Shared room,5,2,2,1,0,13.13,7494
150,Mumbai,Private room,4,2,6,0,1,13.59,10778
151,Goa,Private room,2,2,4,1,1,13.7,15057
152,Goa,Private room,2,1,7,0,1,7.43,16260
153,Goa,Entire home/apt,3,4,5,1,0,0.56,2291
154,Mumbai,Private room,4,2,6,0,1,1.2,6883
155,Delhi,Shared room,3,1,4,1,1,6.28,12508
156,Goa,Entire home/apt,3,1,7,1,0,17.78,16783
157,Goa,Shared room,2,4,5,0,0,8.12,10754
158,Delhi,Private room,2,2,10,1,1,3.91,16200
159,Goa,Private room,3,2,8,1,0,4.64,6561
160,Mumbai,Shared room,4,1,9,0,0,3.97,17943
161,Mumbai,Private room,4,1,6,1,1,16.97,7388
162,Delhi,Shared room,5,2,2,1,0,3.84,3438
163,Goa,Private room,5,2,8,1,1,4.14,12493
164,Mumbai,Shared room,1,4,9,0,1,8.79,5547
165,Bengaluru,Private room,1,3,8,0,1,13.03,12550
166,Mumbai,Shared room,2,1,8,0,1,13.54,9886
167,Mumbai,Private room,2,3,5,1,1,8.64,10168
168,Delhi,Shared room,5,3,8,0,0,18.51,9963
169,Goa,Private room,3,4,8,0,1,3.12,13000
170,Delhi,Private room,1,2,9,0,0,17.31,13586
171,Delhi,Shared room,3,2,8,1,1,13.07,8387
172,Bengaluru,Shared room,4,2,4,1,0,2.49,16956
173,Delhi,Entire home/apt,3,3,4,1,0,8.62,3598
174,Mumbai,Private room,1,4,1,0,1,9.97,17426
175,Goa,Private room,3,2,9,1,1,7.66,7255
176,Bengaluru,Entire home/apt,4,2,1,0,0,11.02,19008
177,Goa,Private room,1,3,7,0,1,9.89,13224
178,Delhi,Private room,4,1,7,1,0,15.2,2047
179,Delhi,Private room,3,3,3,1,1,17.32,13894
180,Goa,Shared room,4,2,1,0,1,7.82,15414
181,Mumbai,Entire home/apt,1,4,1,1,0,6.64,13336
182,Delhi,Entire home/apt,5,1,8,0,0,9.74,1874
183,Goa,Shared room,4,2,6,1,0,1.52,19269
184,Goa,Entire home/apt,3,4,2,0,1,19.04,15342
185,Goa,Shared room,2,1,1,1,1,6.38,6377
186,Delhi,Private room,1,1,9,0,1,9.81,5602
187,Bengaluru,Shared room,2,1,10,0,0,3.6,10224
188,Bengaluru,Entire home/apt,4,3,3,1,0,1.15,3145
189,Goa,Private room,3,3,4,1,1,13.61,17038
190,Mumbai,Private room,1,2,4,1,1,12.45,16617
191,Bengaluru,Entire home/apt,5,3,2,1,1,11.06,7373
192,Bengaluru,Shared room,4,1,10,1,1,4.1,16498
193,Delhi,Private room,4,3,10,1,0,12.75,15199
194,Mumbai,Private room,1,3,8,1,1,6.42,10468
195,Bengaluru,Shared room,3,1,2,1,0,1.62,3675
196,Mumbai,Private room,3,1,5,1,0,17.49,2207
197,Mumbai,Entire home/apt,2,1,7,0,1,12.27,5984
198,Goa,Entire home/apt,1,4,7,1,0,16.58,11387
199,Mumbai,Entire home/apt,3,2,1,1,0,19.4,9318
200,Mumbai,Private room,5,3,2,1,0,14.23,5892
201,Goa,Entire home/apt,2,4,7,1,0,8.44,11842
202,Bengaluru,Entire home/apt,1,2,2,1,1,8.98,8301
203,Goa,Shared room,4,1,9,0,0,5.07,19354
204,Delhi,Shared room,2,2,3,1,1,18.15,17936
205,Bengaluru,Entire home/apt,5,2,7,1,1,11.55,7966
206,Goa,Shared room,2,3,2,0,1,19.18,4791
207,Mumbai,Private room,4,1,4,0,1,2.33,19942
208,Mumbai,Private room,5,4,4,1,1,15.76,18736
209,Delhi,Private room,3,4,7,1,0,18.52,16832
210,Delhi,Entire home/apt,3,3,2,1,0,5.95,1773
211,Goa,Entire home/apt,1,1,3,1,0,19.93,6943
212,Delhi,Private room,5,2,8,0,0,5.03,10386
213,Goa,Shared room,1,3,6,1,1,7.46,3267
214,Mumbai,Entire home/apt,2,3,3,1,1,10.23,18630
215,Mumbai,Entire home/apt,4,3,7,1,1,9.57,18860
216,Goa,Private room,5,4,4,0,0,10.73,1569
217,Mumbai,Private room,3,1,7,1,1,14.34,17116
218,Mumbai,Entire home/apt,4,2,4,0,1,2.83,5704
219,Bengaluru,Shared room,1,4,1,1,1,19.76,8850
220,Delhi,Shared room,4,1,3,0,0,9.89,17706
221,Delhi,Shared room,2,3,2,0,0,14.79,5817
222,Delhi,Private room,1,4,6,1,0,9.8,12328
223,Mumbai,Private room,5,3,7,0,1,8.03,6119
224,Delhi,Private room,4,2,1,0,1,9.07,4631
225,Mumbai,Entire home/apt,1,3,3,1,1,1.87,5610
226,Bengaluru,Shared room,5,4,9,1,1,1.96,16580
227,Goa,Entire home/apt,4,2,2,0,1,13.0,13291
228,Mumbai,Private room,2,1,10,0,1,14.1,5704
229,Goa,Private room,1,3,7,1,1,15.35,1617
230,Delhi,Private room,5,1,8,0,0,10.37,7981
231,Bengaluru,Shared room,4,1,5,1,1,7.51,2607
232,Bengaluru,Shared room,2,4,2,1,1,14.24,3746
233,Delhi,Entire home/apt,3,3,5,0,1,10.74,10749
234,Delhi,Private room,1,2,10,1,0,16.31,5201
235,Bengaluru,Shared room,1,1,7,1,0,14.78,17026
236,Goa,Private room,2,4,10,1,0,1.91,12925
237,Goa,Entire home/apt,2,4,6,0,1,14.79,6832
238,Mumbai,Entire home/apt,5,2,4,0,0,7.52,18483
239,Goa,Shared room,1,2,7,0,0,15.15,2465
240,Mumbai,Entire home/apt,3,4,10,1,0,11.64,4748
241,Delhi,Private room,4,1,8,1,0,11.55,15893
242,Delhi,Shared room,2,4,10,0,1,17.0,13860
243,Bengaluru,Private room,2,1,7,0,0,11.52,7709
244,Goa,Shared room,2,2,1,0,1,16.51,12275
245,Mumbai,Entire home/apt,1,3,9,1,0,10.39,14982
246,Goa,Private room,1,3,8,0,0,17.52,9642
247,Bengaluru,Private room,4,3,7,1,0,4.66,5824
248,Mumbai,Shared room,3,2,8,1,0,4.32,1600
249,Goa,Entire home/apt,1,4,5,0,0,8.52,16643
250,Bengaluru,Private room,2,4,4,1,0,8.23,13099
251,Delhi,Entire home/apt,1,2,3,0,1,4.12,2892
252,Delhi,Private room,5,1,3,0,0,10.85,17452
253,Delhi,Shared room,3,1,3,0,1,14.81,935
254,Delhi,Private room,1,4,6,1,0,17.76,17591
255,Bengaluru,Shared room,4,1,5,1,0,10.06,1672
256,Delhi,Private room,3,4,9,0,1,2.83,3934
257,Bengaluru,Shared room,4,4,6,1,1,17.45,8394
258,Goa,Shared room,3,1,6,0,0,19.51,18383
259,Mumbai,Entire home/apt,2,3,3,1,1,0.72,15530
260,Goa,Private room,2,4,2,1,0,0.61,18274
261,Bengaluru,Entire home/apt,3,2,3,0,1,16.87,7482
262,Goa,Private room,5,4,9,0,0,14.03,619
263,Delhi,Shared room,3,3,2,1,1,11.07,9831
264,Mumbai,Shared room,1,3,9,1,1,4.45,18658
265,Goa,Shared room,2,4,6,1,0,14.7,17480
266,Mumbai,Shared room,2,1,3,0,0,18.05,5880
267,Goa,Shared room,2,1,10,0,1,3.96,2117
268,Goa,Private room,1,4,3,0,1,18.16,2151
269,Delhi,Private room,4,3,9,1,0,5.35,19656
270,Mumbai,Entire home/apt,4,3,1,1,1,5.11,13571
271,Goa,Entire home/apt,1,2,8,0,0,11.78,16274
272,Mumbai,Private room,1,3,3,1,0,6.3,13311
273,Mumbai,Shared room,3,4,8,0,0,2.7,10911
274,Bengaluru,Entire home/apt,2,4,3,0,1,15.28,11848
275,Mumbai,Private room,3,4,4,0,1,15.22,2817
276,Delhi,Shared room,3,4,3,1,1,14.54,4140
277,Goa,Private room,5,1,7,1,0,3.51,8520
278,Delhi,Entire home/apt,4,2,7,0,1,7.64,8156
279,Mumbai,Private room,1,1,4,0,0,8.05,4355
280,Bengaluru,Entire home/apt,4,2,1,0,0,13.7,10863
281,Goa,Entire home/apt,2,3,2,1,0,7.68,19851
282,Mumbai,Entire home/apt,3,4,9,1,0,14.19,7323
283,Delhi,Entire home/apt,4,4,7,1,1,8.57,15567
284,Bengaluru,Private room,3,1,8,1,0,10.64,13913
285,Goa,Entire home/apt,4,3,7,1,0,13.56,14886
286,Mumbai,Entire home/apt,5,2,10,0,1,16.82,16801
287,Bengaluru,Shared room,1,3,5,0,0,14.94,10277
288,Mumbai,Entire home/apt,3,4,6,0,1,3.18,3616
289,Delhi,Shared room,5,1,3,0,1,17.57,3197
290,Bengaluru,Shared room,4,1,3,1,0,0.79,7160
291,Bengaluru,Entire home/apt,2,4,6,0,0,18.99,1442
292,Bengaluru,Entire home/apt,5,2,9,1,1,19.24,4926
293,Mumbai,Shared room,2,1,10,1,1,7.41,4141
294,Goa,Entire home/apt,2,2,9,0,0,3.86,19885
295,Goa,Shared room,5,3,10,1,1,14.25,9241
296,Goa,Entire home/apt,3,3,8,0,1,13.81,16908
297,Goa,Shared room,1,2,2,1,1,4.57,7447
298,Mumbai,Entire home/apt,1,2,3,1,1,15.26,16723
299,Bengaluru,Entire home/apt,4,1,7,1,1,8.07,3233
300,Bengaluru,Entire home/apt,5,2,5,1,1,12.33,15511
301,Bengaluru,Entire home/apt,2,1,4,1,1,4.93,2174
302,Mumbai,Private room,3,3,8,0,1,9.39,14390
303,Mumbai,Shared room,1,3,2,0,1,0.82,9738
304,Bengaluru,Shared room,4,2,7,0,0,19.09,11804
305,Goa,Private room,2,1,4,0,0,16.38,18033
306,Mumbai,Shared room,2,2,9,0,1,8.78,4393
307,Mumbai,Shared room,3,3,8,1,0,11.05,609
308,Delhi,Entire home/apt,3,1,10,1,0,17.13,19644
309,Delhi,Entire home/apt,3,1,5,1,1,2.13,12463
310,Goa,Entire home/apt,5,4,1,0,1,12.2,14347
311,Bengaluru,Private room,1,2,5,0,1,9.19,4022
312,Bengaluru,Entire home/apt,3,2,6,1,0,6.07,12941
313,Mumbai,Entire home/apt,1,2,10,1,0,1.87,1137
314,Goa,Private room,2,4,10,0,0,19.14,3621
315,Delhi,Entire home/apt,3,1,2,1,1,16.42,15334
316,Mumbai,Entire home/apt,5,2,7,0,1,10.46,17473
317,Goa,Private room,2,2,2,1,0,16.1,4384
318,Goa,Entire home/apt,5,4,3,1,0,5.17,15266
319,Delhi,Shared room,2,3,10,1,0,14.04,7545
320,Mumbai,Shared room,5,4,8,0,1,2.88,10174
321,Mumbai,Shared room,5,1,8,1,1,6.85,3707
322,Bengaluru,Shared room,4,1,7,1,0,1.27,16404
323,Goa,Entire home/apt,3,1,6,0,0,17.3,17178
324,Mumbai,Entire home/apt,4,2,10,1,1,12.3,13880
325,Delhi,Entire home/apt,1,1,9,1,1,1.75,13820
326,Delhi,Entire home/apt,3,2,7,1,1,6.27,19691
327,Mumbai,Shared room,2,2,8,0,1,9.87,10951
328,Mumbai,Private room,4,2,7,1,0,13.69,1242
329,Goa,Shared room,4,2,5,0,0,0.55,9331
330,Bengaluru,Entire home/apt,5,3,9,0,1,8.64,1141
331,Goa,Private room,4,1,7,0,1,0.99,13136
332,Goa,Private room,4,1,5,0,0,2.37,6530
333,Bengaluru,Private room,3,4,8,0,1,15.07,2860
334,Goa,Private room,3,3,5,0,1,17.75,13838
335,Mumbai,Shared room,2,4,4,1,1,1.79,5417
336,Delhi,Entire home/apt,1,4,4,0,1,5.71,10388
337,Mumbai,Private room,3,3,4,1,1,15.66,7454
338,Goa,Private room,1,1,6,0,0,14.97,8005
339,Bengaluru,Private room,3,1,4,1,1,10.58,16967
340,Delhi,Entire home/apt,2,4,10,0,1,15.18,4200
341,Bengaluru,Shared room,4,4,10,0,1,4.24,1672
342,Bengaluru,Shared room,4,4,10,0,0,1.79,11633
343,Goa,Private room,1,2,2,0,1,14.19,13703
344,Goa,Shared room,5,2,4,1,0,5.08,8527
345,Delhi,Entire home/apt,5,1,7,0,1,11.28,8062
346,Mumbai,Entire home/apt,4,3,7,1,0,1.96,16110
347,Bengaluru,Shared room,4,3,2,0,1,17.37,18998
348,Mumbai,Private room,3,2,10,0,0,8.7,13627
349,Mumbai,Shared room,1,4,7,1,1,14.32,16574
350,Delhi,Shared room,3,3,1,1,0,8.05,12138
351,Delhi,Private room,2,3,9,0,1,15.35,7842
352,Mumbai,Entire home/apt,5,3,7,0,0,19.84,7905
353,Goa,Private room,1,4,2,1,0,12.07,8821
354,Bengaluru,Private room,5,3,7,1,0,4.94,5216
355,Goa,Entire home/apt,2,2,2,1,1,10.94,9621
356,Bengaluru,Shared room,3,4,3,0,0,18.11,11255
357,Mumbai,Shared room,2,2,2,0,0,11.01,16086
358,Goa,Shared room,4,2,4,0,1,10.71,586
359,Delhi,Shared room,1,1,10,0,1,19.51,19941
360,Goa,Shared room,4,4,2,0,0,12.24,2126
361,Delhi,Entire home/apt,2,4,2,1,1,15.41,18843
362,Delhi,Entire home/apt,3,2,2,0,1,5.9,11909
363,Bengaluru,Private room,2,3,9,0,0,19.53,946
364,Delhi,Private room,1,1,10,0,1,17.46,5847
365,Goa,Private room,1,4,2,0,1,19.03,4619
366,Delhi,Shared room,3,4,1,0,1,12.0,18148
367,Mumbai,Entire home/apt,3,4,9,0,1,12.78,4580
368,Mumbai,Shared room,5,1,1,1,0,5.4,10830
369,Delhi,Entire home/apt,2,3,10,0,0,16.56,19202
370,Bengaluru,Shared room,5,4,9,0,1,17.58,7054
371,Mumbai,Shared room,3,2,6,1,1,0.69,18694
372,Goa,Private room,4,2,1,0,1,9.56,9655
373,Bengaluru,Shared room,4,4,6,0,1,1.3,2363
374,Delhi,Private room,5,3,2,1,0,15.46,5898
375,Delhi,Shared room,2,4,7,1,0,18.02,16495
376,Delhi,Shared room,1,4,6,1,0,4.04,5602
377,Bengaluru,Private room,4,4,8,0,0,2.2,19006
378,Goa,Shared room,1,4,8,1,0,14.03,14721
379,Goa,Entire home/apt,2,4,1,0,1,14.68,4543
380,Goa,Shared room,5,1,3,1,1,16.79,10805
381,Mumbai,Shared room,4,4,5,0,1,17.53,879
382,Bengaluru,Shared room,2,2,8,0,1,13.16,1014
383,Goa,Private room,4,3,4,1,1,11.13,5794
384,Goa,Entire home/apt,5,1,7,1,0,15.1,14497
385,Delhi,Shared room,5,2,5,1,0,19.99,2863
386,Goa,Entire home/apt,5,1,5,1,1,16.62,8025
387,Delhi,Entire home/apt,5,1,10,1,0,18.62,13103
388,Mumbai,Entire home/apt,3,3,10,1,0,11.7,2448
389,Bengaluru,Private room,1,1,6,0,1,8.23,4071
390,Goa,Shared room,1,2,2,0,0,1.22,2743
391,Goa,Private room,4,2,3,1,0,3.18,9174
392,Mumbai,Private room,1,1,10,1,1,2.79,10978
393,Bengaluru,Entire home/apt,1,2,7,1,0,17.5,962
394,Delhi,Entire home/apt,3,4,8,1,1,14.11,15183
395,Bengaluru,Private room,4,2,9,0,1,18.17,15622
396,Delhi,Shared room,1,1,10,0,1,1.52,9642
397,Goa,Entire home/apt,2,1,10,0,1,11.37,14084
398,Bengaluru,Private room,1,4,6,1,1,13.41,4974
399,Bengaluru,Private room,1,4,6,0,1,12.14,9042
400,Delhi,Shared room,1,1,10,1,0,15.0,18279
401,Goa,Shared room,3,2,5,1,1,4.18,743
402,Goa,Private room,3,1,2,0,0,5.89,3029
403,Delhi,Shared room,5,2,2,0,1,10.94,7270
404,Delhi,Entire home/apt,1,1,5,1,0,13.93,3279
405,Goa,Private room,4,4,1,1,0,9.5,16705
406,Mumbai,Private room,5,1,2,0,1,8.63,11832
407,Mumbai,Entire home/apt,1,2,4,0,0,14.91,5175
408,Bengaluru,Entire home/apt,3,3,8,1,1,7.14,19970
409,Delhi,Shared room,1,3,8,1,0,9.51,6162
410,Delhi,Entire home/apt,5,3,7,0,0,7.28,16361
411,Goa,Shared room,3,2,9,0,1,4.85,19139
412,Mumbai,Entire home/apt,5,2,8,0,0,14.91,7296
413,Delhi,Private room,1,2,8,1,1,11.8,7164
414,Goa,Shared room,2,4,5,0,1,12.67,1809
415,Bengaluru,Private room,4,1,8,1,0,0.96,4425
416,Goa,Shared room,3,2,5,0,0,13.46,14294
417,Delhi,Private room,3,2,3,0,0,1.17,4339
418,Goa,Shared room,1,3,3,0,1,3.88,18830
419,Mumbai,Entire home/apt,3,3,7,1,0,2.57,2803
420,Goa,Entire home/apt,2,1,2,1,0,6.11,15403
421,Delhi,Entire home/apt,1,1,8,1,0,15.15,14628
422,Goa,Shared room,1,4,2,0,1,14.09,19507
423,Mumbai,Shared room,3,2,9,0,1,10.84,3699
424,Goa,Private room,3,4,9,0,0,1.09,18450
425,Mumbai,Shared room,5,4,5,1,1,18.92,14122
426,Goa,Shared room,3,2,10,1,1,11.32,11038
427,Mumbai,Entire home/apt,3,2,4,0,1,19.91,523
428,Bengaluru,Private room,5,4,7,1,0,7.0,14504
429,Bengaluru,Shared room,5,3,5,1,0,12.11,18728
430,Goa,Entire home/apt,1,4,4,0,0,10.08,11639
431,Delhi,Shared room,3,1,1,0,1,11.65,4574
432,Delhi,Private room,1,4,6,1,1,4.82,18107
433,Mumbai,Entire home/apt,1,1,3,1,1,14.06,4873
434,Goa,Shared room,4,4,6,1,1,15.7,11514
435,Mumbai,Shared room,4,3,6,1,0,15.79,11129
436,Goa,Private room,4,1,8,0,0,1.13,14213
437,Mumbai,Entire home/apt,2,4,2,1,0,7.99,18781
438,Bengaluru,Shared room,4,3,5,1,1,19.27,15620
439,Bengaluru,Private room,5,4,1,0,1,11.8,16700
440,Mumbai,Shared room,4,3,1,1,1,1.77,15517
441,Mumbai,Shared room,4,4,6,0,0,15.83,19498
442,Bengaluru,Private room,3,4,4,1,0,9.11,5015
443,Bengaluru,Private room,4,1,10,1,1,16.94,553
444,Goa,Entire home/apt,1,3,2,1,1,12.35,7476
445,Bengaluru,Private room,2,2,6,1,1,10.46,8981
446,Mumbai,Private room,5,4,2,1,1,6.57,4934
447,Mumbai,Private room,5,3,5,1,1,4.48,5907
448,Mumbai,Shared room,5,4,5,0,1,8.25,19085
449,Mumbai,Shared room,4,3,6,1,1,3.13,12542
450,Mumbai,Shared room,5,4,2,1,1,18.31,19098
451,Goa,Shared room,1,1,10,1,0,15.95,19195
452,Goa,Private room,3,2,10,0,0,4.56,10241
453,Bengaluru,Private room,2,4,5,0,1,12.27,15671
454,Bengaluru,Entire home/apt,4,4,2,0,1,19.04,16495
455,Goa,Shared room,3,3,9,1,1,4.67,1992
456,Goa,Private room,5,1,10,0,0,11.59,12893
457,Goa,Private room,5,3,10,1,0,9.07,18614
458,Goa,Private room,1,2,9,0,1,15.31,6608
459,Bengaluru,Shared room,3,2,1,1,1,16.76,6098
460,Bengaluru,Entire home/apt,5,2,1,0,1,8.48,13207
461,Delhi,Entire home/apt,2,1,8,1,0,18.27,19160
462,Bengaluru,Entire home/apt,3,1,1,0,1,12.2,15551
463,Delhi,Shared room,1,3,2,1,0,16.07,3910
464,Mumbai,Private room,2,2,10,0,0,16.84,3900
465,Goa,Entire home/apt,3,1,7,0,0,1.32,18679
466,Bengaluru,Entire home/apt,3,3,4,1,1,15.51,18429
467,Bengaluru,Entire home/apt,5,4,6,1,0,4.09,1811
468,Delhi,Private room,1,3,2,1,0,18.85,17034
469,Delhi,Shared room,1,2,5,0,1,10.98,14683
470,Mumbai,Entire home/apt,2,1,6,0,0,1.59,7831
471,Goa,Shared room,1,2,7,0,1,7.38,17189
472,Delhi,Shared room,1,3,10,0,0,5.61,11229
473,Bengaluru,Shared room,1,4,1,1,0,10.37,19667
474,Goa,Private room,2,2,5,0,0,15.34,8041
475,Mumbai,Private room,1,4,5,0,1,4.18,18380
476,Bengaluru,Shared room,4,1,10,0,1,14.2,10691
477,Goa,Private room,5,4,4,1,0,4.5,17195
478,Delhi,Private room,2,1,4,0,1,0.78,2229
479,Mumbai,Private room,3,2,7,1,1,14.88,3045
480,Goa,Shared room,3,2,7,1,1,5.54,18245
481,Bengaluru,Entire home/apt,1,4,6,1,0,2.99,12711
482,Delhi,Entire home/apt,2,2,6,0,1,13.58,14064
483,Goa,Shared room,4,3,7,1,1,15.54,19684
484,Delhi,Shared room,1,4,8,0,0,3.3,18930
485,Bengaluru,Private room,4,2,6,1,1,3.22,2719
486,Goa,Shared room,5,3,9,0,1,5.23,8506
487,Delhi,Shared room,3,1,5,1,0,5.59,14848
488,Mumbai,Shared room,5,4,10,1,0,9.72,1498
489,Goa,Private room,3,1,2,1,1,12.78,10948
490,Delhi,Private room,5,4,1,0,1,14.36,14647
491,Delhi,Shared room,3,4,5,0,1,19.47,17666
492,Bengaluru,Entire home/apt,2,3,10,0,1,18.72,8499
493,Delhi,Entire home/apt,4,3,8,1,1,7.32,16411
494,Mumbai,Entire home/apt,4,1,4,0,0,12.61,18669
495,Bengaluru,Private room,4,3,6,0,0,12.37,10038
496,Bengaluru,Shared room,4,4,4,0,0,18.3,4607
497,Goa,Shared room,3,4,6,0,1,9.02,2245
498,Mumbai,Entire home/apt,2,2,8,0,1,7.35,12572
499,Mumbai,Private room,5,4,3,1,0,7.27,5438
500,Goa,Shared room,5,1,9,1,1,9.95,13265
501,Bengaluru,Shared room,3,3,6,0,0,16.48,8571
502,Goa,Entire home/apt,2,1,10,1,1,18.34,5720
503,Goa,Shared room,5,1,4,1,1,16.36,6087
504,Mumbai,Shared room,4,1,2,0,0,17.65,7673
505,Mumbai,Entire home/apt,1,1,8,0,1,4.84,3856
506,Goa,Shared room,4,1,2,0,1,0.75,2701
507,Goa,Shared room,3,2,7,1,0,8.11,16741
508,Goa,Private room,5,4,8,0,1,7.03,19614
509,Mumbai,Private room,5,2,7,1,0,1.31,14066
510,Bengaluru,Entire home/apt,2,3,9,0,1,1.99,15037
511,Goa,Shared room,3,3,9,0,0,12.24,6851
512,Bengaluru,Entire home/apt,2,4,1,1,1,5.93,16267
513,Bengaluru,Private room,5,3,2,1,1,10.84,5439
514,Delhi,Entire home/apt,1,3,3,1,0,13.2,2821
515,Goa,Entire home/apt,1,2,6,0,0,13.13,7513
516,Delhi,Shared room,2,1,5,0,1,18.86,12872
517,Mumbai,Private room,4,1,9,0,0,5.79,14240
518,Goa,Private room,3,2,9,1,0,17.08,4202
519,Delhi,Shared room,5,1,2,1,0,16.48,6789
520,Goa,Entire home/apt,1,1,5,1,1,15.75,12437
521,Goa,Shared room,3,4,5,0,0,18.65,18163
522,Goa,Entire home/apt,2,4,6,1,0,12.47,3416
523,Delhi,Private room,3,4,7,1,0,5.38,11237
524,Bengaluru,Shared room,1,3,10,1,1,2.05,5416
525,Bengaluru,Entire home/apt,3,4,8,1,1,8.64,17729
526,Delhi,Private room,2,4,1,1,0,9.82,8558
527,Goa,Shared room,2,2,1,0,1,9.37,1326
528,Delhi,Shared room,2,4,5,0,0,11.69,8165
529,Bengaluru,Private room,4,4,10,1,0,17.33,3073
530,Mumbai,Private room,4,2,6,0,0,15.05,10622
531,Delhi,Entire home/apt,4,1,4,0,1,7.91,17217
532,Bengaluru,Private room,3,1,7,1,1,11.69,3877
533,Delhi,Shared room,2,4,4,1,0,0.92,17277
534,Goa,Shared room,4,4,1,1,0,9.78,3008
535,Goa,Shared room,5,3,10,1,1,15.0,4043
536,Mumbai,Private room,1,2,5,1,1,9.2,3569
537,Delhi,Private room,4,3,4,0,0,19.05,19652
538,Goa,Shared room,5,2,6,1,0,17.24,6287
539,Delhi,Shared room,1,2,9,1,0,1.53,5549
540,Bengaluru,Entire home/apt,1,3,6,0,0,3.24,10779
541,Goa,Entire home/apt,3,3,7,1,1,3.01,13122
542,Delhi,Entire home/apt,2,3,2,0,1,17.54,13747
543,Goa,Private room,5,4,10,0,0,11.34,2848
544,Bengaluru,Shared room,2,2,2,1,0,2.99,8759
545,Bengaluru,Shared room,1,4,4,0,1,18.22,19936
546,Goa,Shared room,4,2,2,0,0,2.85,829
547,Mumbai,Private room,1,1,9,0,1,18.18,17167
548,Goa,Entire home/apt,5,1,9,1,0,19.66,4303
549,Goa,Entire home/apt,2,2,1,0,1,12.55,6816
550,Mumbai,Private room,2,2,2,0,1,8.43,2345
551,Mumbai,Entire home/apt,5,1,3,0,1,14.98,17651
552,Delhi,Private room,2,3,6,1,1,7.52,18838
553,Goa,Private room,2,2,6,1,0,6.22,2208
554,Goa,Shared room,1,2,3,0,1,6.51,13375
555,Delhi,Entire home/apt,1,4,5,0,1,1.96,19714
556,Bengaluru,Shared room,1,2,2,1,1,6.12,13497
557,Delhi,Entire home/apt,1,4,5,0,1,10.42,14859
558,Bengaluru,Private room,1,4,6,1,1,8.81,9621
559,Mumbai,Private room,4,1,4,1,1,1.96,13730
560,Goa,Entire home/apt,2,3,2,0,1,15.12,3594
561,Bengaluru,Shared room,2,2,5,0,1,12.25,19915
562,Mumbai,Entire home/apt,2,1,2,1,1,2.69,11006
563,Goa,Shared room,2,1,4,0,1,0.51,2617
564,Goa,Private room,2,4,5,1,0,13.1,19390
565,Goa,Entire home/apt,3,2,10,1,1,18.14,18229
566,Goa,Private room,3,1,6,0,0,7.45,9361
567,Mumbai,Shared room,1,4,8,0,0,9.51,7977
568,Bengaluru,Private room,2,1,8,0,1,8.49,11470
569,Goa,Private room,2,2,1,1,0,3.03,16417
570,Bengaluru,Private room,5,3,3,1,1,9.68,18467
571,Goa,Shared room,5,1,6,1,1,18.24,18999
572,Bengaluru,Shared room,5,3,6,0,0,5.77,6079
573,Mumbai,Private room,3,2,6,0,0,6.24,11824
574,Mumbai,Private room,5,3,9,1,0,8.57,9879
575,Delhi,Shared room,1,4,2,0,0,12.26,1012
576,Delhi,Shared room,2,2,10,0,0,11.77,16272
577,Goa,Private room,2,3,9,1,1,9.16,11083
578,Bengaluru,Shared room,4,4,9,1,0,10.32,922
579,Mumbai,Private room,3,2,5,0,0,9.2,7514
580,Goa,Private room,4,2,7,1,0,18.62,778
581,Bengaluru,Shared room,3,4,1,0,1,15.82,3695
582,Bengaluru,Private room,5,4,6,0,1,12.06,16167
583,Goa,Entire home/apt,4,3,8,0,0,4.19,11369
584,Goa,Entire home/apt,4,3,8,0,0,6.63,3376
585,Goa,Shared room,2,3,5,1,0,13.44,17573
586,Mumbai,Shared room,1,3,2,0,0,7.53,8846
587,Delhi,Shared room,2,4,1,0,1,10.08,9669
588,Goa,Shared room,1,1,10,0,0,3.57,16733
589,Goa,Private room,4,2,2,1,1,9.22,18427
590,Delhi,Private room,2,4,10,0,0,6.84,4107
591,Mumbai,Entire home/apt,4,4,7,0,0,6.12,5661
592,Goa,Shared room,2,3,6,0,0,8.04,4411
593,Bengaluru,Shared room,1,3,7,1,0,14.17,8105
594,Goa,Shared room,4,2,6,1,1,11.56,4524
595,Bengaluru,Entire home/apt,1,1,10,0,0,1.3,16050
596,Delhi,Entire home/apt,3,2,8,1,1,17.45,19340
597,Mumbai,Private room,1,4,4,1,1,3.56,18247
598,Mumbai,Private room,5,2,10,1,0,16.59,17207
599,Mumbai,Entire home/apt,3,1,7,0,0,9.67,13562
600,Mumbai,Private room,4,3,4,0,1,16.7,5390
601,Delhi,Private room,4,4,6,0,0,13.22,9089
602,Bengaluru,Entire home/apt,3,4,6,0,1,19.34,17053
603,Mumbai,Shared room,5,2,8,1,0,18.05,16519
604,Bengaluru,Shared room,2,4,8,0,0,11.72,1968
605,Bengaluru,Private room,3,3,1,0,0,7.13,4128
606,Mumbai,Private room,5,3,6,1,1,6.56,10801
607,Goa,Entire home/apt,1,2,5,0,1,9.66,16234
608,Goa,Private room,5,1,6,0,0,6.63,18566
609,Bengaluru,Entire home/apt,4,4,5,1,0,6.16,2159
610,Delhi,Entire home/apt,3,1,4,0,1,8.82,16634
611,Mumbai,Private room,1,3,10,0,1,8.75,866
612,Goa,Entire home/apt,2,2,10,0,1,11.77,12056
613,Mumbai,Entire home/apt,4,4,8,0,1,1.66,2730
614,Mumbai,Private room,5,2,1,1,0,18.37,5927
615,Goa,Private room,1,2,6,0,0,18.43,4747
616,Bengaluru,Private room,1,3,2,1,1,8.4,18116
617,Delhi,Entire home/apt,1,1,2,0,0,18.83,10747
618,Delhi,Entire home/apt,2,2,7,0,1,4.67,615
619,Mumbai,Shared room,4,2,10,0,1,8.78,12593
620,Delhi,Shared room,4,1,10,1,1,6.73,14440
621,Goa,Shared room,5,2,10,1,0,6.62,7665
622,Bengaluru,Private room,3,2,5,1,0,19.27,5335
623,Goa,Entire home/apt,5,3,3,0,1,5.54,14097
624,Bengaluru,Entire home/apt,4,1,5,1,0,2.14,17944
625,Mumbai,Shared room,2,2,2,0,1,11.77,12111
626,Mumbai,Shared room,2,4,8,1,1,9.41,19941
627,Mumbai,Shared room,5,3,3,1,0,3.0,507
628,Bengaluru,Shared room,2,3,3,1,1,4.21,3247
629,Mumbai,Entire home/apt,5,3,1,1,1,11.07,17778
630,Mumbai,Entire home/apt,2,4,2,1,1,6.29,18316
631,Bengaluru,Shared room,5,3,3,0,0,7.31,3093
632,Delhi,Shared room,4,4,8,0,1,1.44,15952
633,Delhi,Entire home/apt,3,2,10,0,0,17.82,7035
634,Bengaluru,Private room,3,3,1,0,0,16.62,18218
635,Mumbai,Entire home/apt,3,4,8,1,1,8.47,13913
636,Goa,Entire home/apt,2,2,4,0,0,0.87,3418
637,Mumbai,Shared room,2,2,1,1,1,13.26,8615
638,Mumbai,Entire home/apt,2,4,1,0,1,8.28,12163
639,Bengaluru,Shared room,1,3,8,0,0,4.39,12870
640,Bengaluru,Shared room,2,4,10,0,1,17.52,8986
641,Mumbai,Shared room,1,3,10,1,0,14.65,11218
642,Bengaluru,Shared room,5,1,8,1,0,15.7,14053
643,Delhi,Entire home/apt,3,2,10,1,1,19.46,12073
644,Mumbai,Shared room,2,3,8,0,0,6.58,19592
645,Mumbai,Shared room,5,3,10,0,1,10.87,9530
646,Bengaluru,Private room,2,3,8,0,0,1.98,11037
647,Bengaluru,Shared room,5,4,3,0,0,4.56,7809
648,Goa,Private room,1,1,4,1,0,0.58,10082
649,Mumbai,Private room,3,2,6,1,0,8.03,5104
650,Mumbai,Private room,2,3,10,1,1,9.1,6441
651,Mumbai,Private room,5,1,2,0,0,3.45,3788
652,Goa,Private room,2,3,5,1,0,10.02,17697
653,Bengaluru,Entire home/apt,2,3,2,1,0,4.57,8486
654,Goa,Private room,4,2,3,0,1,15.14,16516
655,Bengaluru,Entire home/apt,5,2,5,0,1,1.3,8461
656,Delhi,Private room,3,2,1,1,1,0.64,10052
657,Bengaluru,Shared room,4,3,7,0,0,4.35,16923
658,Bengaluru,Private room,2,1,1,1,0,13.65,10482
659,Mumbai,Shared room,1,3,4,1,0,4.64,12764
660,Bengaluru,Entire home/apt,3,1,8,0,0,4.09,17706
661,Mumbai,Shared room,3,3,6,1,1,15.46,11777
662,Bengaluru,Private room,5,1,6,0,1,12.96,8323
663,Delhi,Private room,3,4,8,0,0,15.59,8909
664,Mumbai,Entire home/apt,1,2,8,1,0,0.68,2034
665,Mumbai,Private room,1,1,2,0,0,16.62,19047
666,Goa,Entire home/apt,4,4,4,0,0,15.01,15657
667,Mumbai,Entire home/apt,5,2,5,0,0,11.66,2206
668,Bengaluru,Shared room,4,2,3,0,1,0.73,4810
669,Goa,Entire home/apt,4,3,4,0,0,14.9,8061
670,Goa,Entire home/apt,4,2,7,1,0,16.66,16447
671,Goa,Entire home/apt,3,1,4,1,0,4.08,5865
672,Mumbai,Private room,4,4,10,0,0,9.71,15146
673,Delhi,Entire home/apt,1,2,3,0,0,17.1,6312
674,Bengaluru,Private room,2,4,5,0,1,13.1,10892
675,Mumbai,Entire home/apt,1,4,2,0,0,16.63,1724
676,Goa,Shared room,4,2,3,0,0,2.0,12553
677,Goa,Private room,1,3,6,0,0,14.09,17839
678,Bengaluru,Private room,3,1,2,1,0,1.22,1342
679,Delhi,Private room,1,2,2,1,1,4.79,10124
680,Goa,Private room,3,2,3,1,0,10.5,3639
681,Delhi,Shared room,2,2,8,0,0,4.42,8676
682,Mumbai,Private room,5,1,6,0,1,6.33,1173
683,Goa,Private room,4,3,7,0,0,9.21,8779
684,Mumbai,Shared room,5,2,1,0,0,8.56,13385
685,Mumbai,Private room,2,2,8,0,1,8.25,9778
686,Goa,Private room,1,3,1,0,1,14.71,17219
687,Delhi,Shared room,1,2,7,0,1,17.67,11661
688,Goa,Entire home/apt,4,4,7,1,0,8.18,4862
689,Bengaluru,Private room,4,1,4,1,0,10.02,2460
690,Goa,Entire home/apt,4,4,3,1,0,16.35,19456
691,Mumbai,Private room,4,3,9,1,0,18.86,626
692,Mumbai,Shared room,3,3,1,0,0,10.35,15203
693,Goa,Entire home/apt,4,2,9,0,0,16.42,17670
694,Delhi,Private room,2,3,3,0,1,9.22,5301
695,Delhi,Private room,2,1,4,1,0,13.61,15166
696,Delhi,Private room,2,3,6,1,1,18.71,9748
697,Bengaluru,Private room,4,1,5,0,1,15.29,6770
698,Goa,Private room,5,2,9,0,0,17.95,16741
699,Goa,Shared room,4,2,3,0,0,0.67,14327
700,Delhi,Shared room,3,2,5,1,0,12.17,17176
701,Goa,Entire home/apt,4,3,9,0,1,10.36,10968
702,Bengaluru,Private room,5,2,6,1,1,14.71,7153
703,Delhi,Shared room,1,3,8,0,1,17.7,18865
704,Bengaluru,Shared room,5,4,8,0,0,19.12,3877
705,Delhi,Private room,1,2,9,0,0,12.07,7076
706,Goa,Shared room,1,4,9,0,0,3.97,2778
707,Bengaluru,Private room,3,2,6,0,1,8.14,9888
708,Delhi,Private room,5,4,9,1,0,7.76,3411
709,Mumbai,Private room,1,2,3,0,1,8.67,5453
710,Mumbai,Shared room,4,2,9,1,1,8.25,17739
711,Mumbai,Shared room,3,2,6,0,0,18.99,19727
712,Delhi,Entire home/apt,4,1,1,0,1,7.79,16969
713,Mumbai,Private room,5,4,7,0,1,16.69,13488
714,Delhi,Shared room,2,3,4,0,0,17.05,12921
715,Goa,Private room,1,1,10,1,0,14.2,8296
716,Goa,Entire home/apt,3,2,8,1,0,15.0,10412
717,Goa,Shared room,2,1,5,0,0,8.03,909
718,Goa,Shared room,1,1,1,0,0,0.54,10677
719,Delhi,Shared room,2,4,4,0,1,6.33,1668
720,Mumbai,Entire home/apt,5,1,9,1,1,8.92,1468
721,Bengaluru,Entire home/apt,2,4,10,1,0,2.24,4355
722,Mumbai,Private room,5,2,1,1,1,3.84,19982
723,Goa,Shared room,3,2,8,0,1,14.17,19998
724,Goa,Shared room,5,3,3,0,1,11.39,10365
725,Goa,Shared room,4,2,9,1,1,1.64,9405
726,Mumbai,Private room,2,1,8,1,0,2.25,540
727,Goa,Private room,1,2,9,1,0,6.78,14071
728,Bengaluru,Entire home/apt,2,3,9,1,0,16.28,12624
729,Bengaluru,Private room,4,3,8,0,0,2.45,3204
730,Mumbai,Entire home/apt,2,2,2,0,1,8.15,19108
731,Mumbai,Private room,1,3,8,0,1,5.15,15579
732,Bengaluru,Entire home/apt,1,2,7,0,0,11.34,2209
733,Bengaluru,Entire home/apt,4,4,3,1,1,14.49,9107
734,Goa,Shared room,2,2,10,0,1,10.89,2323
735,Bengaluru,Shared room,4,4,5,1,1,14.83,15561
736,Goa,Entire home/apt,2,3,4,1,1,0.91,18345
737,Mumbai,Private room,4,3,3,1,0,5.77,10354
738,Bengaluru,Private room,5,2,5,1,1,6.13,4860
739,Goa,Shared room,3,4,2,0,0,5.35,7973
740,Bengaluru,Shared room,5,2,2,0,1,16.23,15062
741,Delhi,Shared room,2,4,10,0,1,2.27,18428
742,Mumbai,Shared room,2,3,2,1,0,0.66,4674
743,Mumbai,Shared room,3,3,6,1,1,5.81,16691
744,Delhi,Entire home/apt,4,2,1,1,1,5.92,7449
745,Delhi,Shared room,4,4,9,0,0,10.16,18396
746,Bengaluru,Shared room,1,2,5,0,1,8.15,14037
747,Goa,Private room,2,2,10,0,0,13.47,17024
748,Mumbai,Entire home/apt,5,2,8,0,0,7.11,4581
749,Delhi,Shared room,1,4,6,0,0,18.64,5007
750,Bengaluru,Shared room,1,1,4,0,1,8.35,7870
751,Bengaluru,Private room,1,4,7,1,0,15.91,18004
752,Delhi,Private room,3,3,3,0,0,16.93,18508
753,Bengaluru,Private room,4,3,7,1,1,12.11,1613
754,Bengaluru,Private room,5,1,4,1,0,7.47,18390
755,Mumbai,Entire home/apt,4,1,8,0,1,19.1,13288
756,Bengaluru,Shared room,4,2,6,1,1,1.72,7449
757,Goa,Shared room,4,2,5,0,1,5.32,4224
758,Mumbai,Shared room,2,4,3,1,1,5.75,5573
759,Bengaluru,Shared room,4,4,5,0,0,1.19,1232
760,Bengaluru,Shared room,3,1,2,0,1,15.66,1443
761,Delhi,Shared room,3,4,6,0,0,1.58,988
762,Mumbai,Shared room,1,2,8,0,1,16.36,7300
763,Goa,Shared room,1,4,10,1,1,4.89,3452
764,Bengaluru,Entire home/apt,5,1,9,1,0,15.42,4097
765,Delhi,Entire home/apt,5,2,5,0,1,17.05,19342
766,Delhi,Private room,2,4,3,0,1,12.56,1412
767,Mumbai,Private room,5,4,8,1,1,2.23,10466
768,Bengaluru,Private room,1,4,2,1,1,6.74,11416
769,Bengaluru,Private room,3,1,2,1,1,15.1,3461
770,Delhi,Entire home/apt,1,2,10,1,0,19.63,3001
771,Bengaluru,Private room,3,3,9,0,0,4.0,17248
772,Delhi,Private room,1,2,10,1,1,16.77,18798
773,Mumbai,Private room,5,4,10,0,0,3.75,9622
774,Delhi,Shared room,4,3,10,1,0,14.49,11632
775,Delhi,Shared room,4,4,7,0,0,5.16,19977
776,Goa,Shared room,2,4,7,0,0,11.37,2811
777,Mumbai,Private room,4,3,6,1,1,17.27,17073
778,Delhi,Private room,5,1,6,0,1,14.34,19389
779,Goa,Entire home/apt,4,2,9,0,0,4.77,14637
780,Mumbai,Shared room,3,2,10,0,0,16.35,9651
781,Goa,Private room,3,4,9,1,0,3.4,1615
782,Bengaluru,Shared room,2,4,2,0,1,3.58,8903
783,Mumbai,Shared room,2,4,3,0,0,11.5,16070
784,Goa,Entire home/apt,2,2,9,0,0,2.9,3044
785,Delhi,Private room,4,1,9,1,0,15.92,9818
786,Delhi,Private room,3,4,8,0,1,17.68,15647
787,Goa,Entire home/apt,1,2,9,0,1,11.58,13983
788,Goa,Shared room,3,4,3,1,0,1.92,1145
789,Bengaluru,Private room,5,1,5,0,1,2.49,10360
790,Goa,Entire home/apt,1,2,3,0,0,14.56,4762
791,Delhi,Private room,1,2,7,1,0,16.5,1447
792,Bengaluru,Shared room,2,4,5,1,0,3.39,1858
793,Goa,Shared room,2,4,5,0,0,3.67,7409
794,Mumbai,Private room,4,4,5,1,0,3.49,7783
795,Delhi,Entire home/apt,3,3,9,0,0,4.41,8162
796,Delhi,Shared room,2,2,4,0,0,16.89,7623
797,Bengaluru,Entire home/apt,3,4,9,0,1,9.82,12442
798,Bengaluru,Shared room,5,4,10,1,0,3.45,12084
799,Bengaluru,Entire home/apt,3,2,2,1,1,6.51,19838
800,Delhi,Entire home/apt,5,1,4,1,1,1.3,13010
801,Mumbai,Shared room,2,4,10,0,0,7.63,15942
802,Bengaluru,Private room,3,2,2,0,0,16.03,576
803,Mumbai,Shared room,1,2,2,0,1,3.57,813
804,Mumbai,Shared room,4,3,3,0,1,5.16,3830
805,Bengaluru,Private room,1,3,2,1,1,10.61,8940
806,Delhi,Shared room,1,1,5,1,1,8.92,11224
807,Delhi,Private room,4,2,9,1,0,4.09,7628
808,Goa,Private room,4,1,3,1,1,13.22,4457
809,Mumbai,Entire home/apt,1,2,9,0,1,16.67,19832
810,Bengaluru,Shared room,3,1,7,1,0,0.6,13046
811,Mumbai,Shared room,3,1,8,1,1,18.23,8250
812,Mumbai,Private room,3,4,4,0,1,2.12,12874
813,Mumbai,Entire home/apt,5,4,8,1,1,5.03,7381
814,Bengaluru,Shared room,5,4,6,1,0,10.74,10766
815,Bengaluru,Shared room,4,1,2,0,1,10.83,5931
816,Goa,Shared room,4,3,1,1,1,18.45,13789
817,Mumbai,Private room,4,1,5,1,0,14.58,9376
818,Bengaluru,Private room,1,3,7,1,0,2.88,4697
819,Goa,Shared room,2,4,2,0,0,13.68,14900
820,Goa,Private room,3,1,3,0,1,7.37,2884
821,Bengaluru,Entire home/apt,1,1,7,1,0,7.35,9078
822,Goa,Private room,2,2,9,0,0,2.93,8421
823,Delhi,Entire home/apt,5,2,9,0,0,18.73,2832
824,Delhi,Entire home/apt,1,2,6,0,0,8.84,18719
825,Goa,Entire home/apt,2,2,3,1,1,5.85,1303
826,Bengaluru,Private room,2,2,6,1,1,6.6,16690
827,Mumbai,Private room,1,3,9,1,1,19.25,8138
828,Delhi,Private room,3,1,5,0,0,6.0,19455
829,Mumbai,Entire home/apt,2,1,5,0,1,3.08,16197
830,Mumbai,Private room,2,2,4,0,1,17.19,19067
831,Delhi,Shared room,2,2,8,0,0,16.69,9924
832,Mumbai,Private room,1,4,6,0,1,4.51,10429
833,Goa,Shared room,1,4,6,1,0,7.92,7203
834,Bengaluru,Shared room,4,2,9,0,0,9.44,5913
835,Delhi,Shared room,3,1,10,0,0,9.44,1834
836,Mumbai,Entire home/apt,2,3,3,0,0,18.28,9688
837,Goa,Shared room,2,4,8,0,0,10.94,3163
838,Goa,Shared room,3,3,9,1,1,4.53,15866
839,Bengaluru,Shared room,3,3,10,0,1,19.39,14475
840,Bengaluru,Private room,4,1,4,0,1,9.71,11056
841,Goa,Shared room,2,2,9,0,0,15.77,10636
842,Mumbai,Private room,2,4,1,0,1,11.75,12702
843,Bengaluru,Private room,4,1,2,0,0,2.06,14154
844,Mumbai,Shared room,5,3,7,1,0,1.35,7944
845,Bengaluru,Entire home/apt,3,3,9,0,0,13.6,7928
846,Mumbai,Entire home/apt,4,2,10,0,0,6.58,8121
847,Goa,Private room,5,2,9,0,1,13.82,15209
848,Mumbai,Shared room,1,4,10,0,1,11.2,11386
849,Bengaluru,Entire home/apt,5,1,1,1,1,9.01,4828
850,Delhi,Private room,2,2,3,1,1,15.27,14322
851,Mumbai,Private room,3,2,7,1,0,18.52,5921
852,Bengaluru,Entire home/apt,4,2,10,1,0,18.54,3572
853,Bengaluru,Entire home/apt,5,3,4,0,0,5.3,3575
854,Mumbai,Shared room,3,3,10,1,0,17.77,11469
855,Delhi,Entire home/apt,2,1,6,0,0,1.66,8252
856,Bengaluru,Shared room,4,4,10,1,1,3.54,8149
857,Mumbai,Shared room,4,1,7,1,0,6.8,11086
858,Mumbai,Entire home/apt,5,3,8,0,0,5.89,13750
859,Goa,Entire home/apt,4,1,9,1,0,11.13,7903
860,Mumbai,Entire home/apt,1,2,7,0,1,19.43,5507
861,Mumbai,Shared room,5,4,4,0,1,9.89,15523
862,Mumbai,Private room,4,4,9,1,1,15.13,3437
863,Bengaluru,Shared room,5,3,8,1,0,9.33,5111
864,Bengaluru,Shared room,3,3,5,0,0,3.13,11005
865,Bengaluru,Entire home/apt,5,2,4,1,0,9.7,5310
866,Mumbai,Entire home/apt,2,2,3,0,1,5.21,14276
867,Mumbai,Private room,5,4,7,0,1,5.83,11604
868,Mumbai,Shared room,3,2,9,1,1,17.39,15329
869,Mumbai,Shared room,1,4,2,0,1,16.79,5759
870,Mumbai,Entire home/apt,1,2,3,1,1,2.8,10636
871,Goa,Entire home/apt,3,1,5,0,1,18.48,1842
872,Mumbai,Shared room,2,1,7,1,1,18.76,11387
873,Goa,Private room,3,1,8,0,1,7.87,7178
874,Goa,Private room,4,2,10,1,0,13.49,9188
875,Bengaluru,Shared room,5,2,8,1,0,16.38,7586
876,Delhi,Shared room,3,3,10,0,1,9.35,3513
877,Delhi,Private room,5,1,6,0,1,15.16,13565
878,Delhi,Shared room,3,2,1,0,1,0.54,12782
879,Mumbai,Private room,5,2,7,0,0,2.03,9633
880,Goa,Shared room,1,3,4,0,0,1.91,14959
881,Bengaluru,Shared room,1,2,7,1,0,18.66,18441
882,Mumbai,Private room,5,3,10,1,0,14.66,8251
883,Bengaluru,Shared room,1,1,4,0,1,7.15,18166
884,Delhi,Private room,5,4,8,0,0,3.7,9356
885,Goa,Shared room,1,2,9,0,0,2.19,12179
886,Delhi,Shared room,5,1,3,1,1,14.59,9773
887,Delhi,Shared room,4,3,7,1,1,8.58,3988
888,Mumbai,Shared room,1,1,7,1,0,8.71,11462
889,Bengaluru,Shared room,1,2,7,1,1,15.14,19772
890,Delhi,Entire home/apt,1,3,6,1,0,11.01,14199
891,Goa,Private room,4,1,4,0,1,1.27,5885
892,Bengaluru,Private room,2,1,9,0,1,7.15,1936
893,Mumbai,Entire home/apt,3,4,9,1,0,16.39,1707
894,Goa,Private room,3,2,10,0,1,4.26,5448
895,Bengaluru,Shared room,1,2,5,1,0,4.57,18460
896,Delhi,Private room,4,2,7,0,1,2.52,8740
897,Mumbai,Entire home/apt,4,3,1,0,0,16.36,10290
898,Delhi,Private room,2,1,2,1,0,17.39,16250
899,Goa,Private room,1,3,6,0,0,4.34,19490
900,Mumbai,Private room,1,4,6,1,1,5.87,4312
901,Mumbai,Private room,4,3,9,1,0,10.63,2573
902,Delhi,Private room,2,2,3,0,1,7.55,8622
903,Goa,Shared room,3,3,8,1,0,7.16,17519
904,Mumbai,Shared room,3,1,5,1,0,10.21,19350
905,Goa,Shared room,3,1,8,0,0,0.57,5730
906,Delhi,Private room,1,2,9,1,1,18.04,5186
907,Delhi,Entire home/apt,3,3,3,1,1,17.62,17925
908,Bengaluru,Shared room,1,2,5,1,0,17.62,18631
909,Goa,Shared room,4,3,1,1,1,2.57,6671
910,Goa,Entire home/apt,3,1,7,1,0,9.0,9221
911,Goa,Private room,4,4,10,1,0,15.04,9027
912,Bengaluru,Shared room,1,2,9,0,0,15.86,6458
913,Goa,Shared room,5,4,8,0,0,3.31,2126
914,Delhi,Private room,4,2,4,1,0,15.23,13744
915,Goa,Private room,2,3,8,1,1,16.23,19529
916,Delhi,Shared room,4,1,3,0,1,8.15,5271
917,Bengaluru,Shared room,5,3,5,1,1,13.81,9403
918,Delhi,Private room,1,2,5,1,0,6.52,18127
919,Bengaluru,Shared room,3,1,7,1,0,13.2,7001
920,Goa,Shared room,1,3,10,1,0,11.78,16830
921,Bengaluru,Private room,4,4,9,0,1,4.12,6099
922,Mumbai,Private room,2,3,7,1,0,0.78,18893
923,Goa,Entire home/apt,4,4,10,0,1,7.23,19887
924,Goa,Private room,1,3,7,1,0,9.81,3374
925,Goa,Shared room,3,3,9,0,1,1.1,15554
926,Goa,Shared room,4,3,6,0,1,13.08,19040
927,Delhi,Entire home/apt,4,4,6,1,0,18.14,19283
928,Delhi,Shared room,3,1,4,0,1,18.6,10084
929,Bengaluru,Entire home/apt,4,4,2,0,1,2.82,13958
930,Bengaluru,Entire home/apt,4,3,10,1,1,7.23,12822
931,Mumbai,Shared room,2,3,6,1,0,12.82,10979
932,Mumbai,Entire home/apt,1,4,10,1,1,0.67,9207
933,Goa,Private room,4,2,5,0,1,5.32,3506
934,Mumbai,Private room,4,3,5,1,1,15.65,9712
935,Bengaluru,Entire home/apt,2,2,7,0,1,13.6,2998
936,Bengaluru,Private room,3,1,2,0,0,3.29,9295
937,Goa,Shared room,1,3,6,0,0,16.35,12193
938,Mumbai,Shared room,4,3,7,0,1,12.01,18711
939,Delhi,Private room,3,1,6,1,0,14.44,5711
940,Bengaluru,Entire home/apt,5,1,4,1,0,18.94,13260
941,Delhi,Shared room,1,4,9,1,0,18.15,6211
942,Delhi,Entire home/apt,4,1,5,1,0,6.88,604
943,Bengaluru,Shared room,5,2,9,0,0,4.87,13039
944,Delhi,Private room,2,2,5,1,1,4.4,12362
945,Mumbai,Shared room,3,2,7,1,0,11.97,11508
946,Bengaluru,Entire home/apt,5,4,7,0,1,17.67,2208
947,Bengaluru,Shared room,1,4,7,1,0,1.5,14029
948,Mumbai,Entire home/apt,2,4,2,0,0,10.54,5829
949,Goa,Private room,1,2,3,1,1,7.0,13694
950,Bengaluru,Entire home/apt,1,1,6,0,0,14.56,5988
951,Goa,Private room,1,3,3,1,0,19.85,17984
952,Bengaluru,Private room,3,3,2,1,0,12.19,16714
953,Goa,Shared room,4,3,8,1,1,13.93,4437
954,Delhi,Entire home/apt,3,1,5,1,1,12.4,7166
955,Goa,Shared room,1,3,7,0,1,11.93,2091
956,Mumbai,Shared room,4,3,8,1,0,8.71,19483
957,Goa,Private room,1,1,8,0,0,16.88,5352
958,Delhi,Entire home/apt,1,2,7,0,1,4.91,3617
959,Goa,Shared room,1,4,3,1,1,11.46,14720
960,Delhi,Private room,2,2,10,0,1,15.28,18623
961,Bengaluru,Entire home/apt,5,4,9,0,1,3.95,11550
962,Mumbai,Entire home/apt,5,1,5,1,1,5.84,8565
963,Mumbai,Entire home/apt,4,3,6,1,1,3.71,1439
964,Delhi,Shared room,1,4,4,1,1,15.04,9939
965,Mumbai,Shared room,5,2,5,0,0,16.12,17420
966,Mumbai,Private room,1,3,3,0,1,1.62,13855
967,Mumbai,Private room,2,4,8,0,1,10.58,2274
968,Bengaluru,Entire home/apt,2,3,1,0,1,17.02,4930
969,Delhi,Shared room,5,2,1,1,1,14.52,14338
970,Goa,Shared room,2,3,2,1,1,5.77,7747
971,Goa,Private room,3,4,5,0,1,3.02,9129
972,Mumbai,Shared room,5,4,7,1,1,17.08,3787
973,Bengaluru,Shared room,3,3,5,0,1,8.72,17719
974,Goa,Entire home/apt,3,4,8,1,0,5.86,8767
975,Delhi,Private room,4,2,4,0,1,10.8,18477
976,Goa,Entire home/apt,1,4,9,1,1,13.16,4115
977,Goa,Private room,2,4,1,1,0,12.01,10078
978,Delhi,Entire home/apt,4,3,10,1,0,2.33,7679
979,Bengaluru,Shared room,5,3,2,0,0,13.4,1564
980,Mumbai,Private room,5,1,1,1,0,16.89,1847
981,Bengaluru,Entire home/apt,5,2,10,1,1,3.25,17388
982,Delhi,Entire home/apt,5,4,9,1,0,2.54,16734
983,Bengaluru,Private room,4,4,10,0,1,12.65,11876
984,Goa,Entire home/apt,2,3,3,1,1,1.93,3518
985,Delhi,Private room,2,3,8,1,1,8.95,6813
986,Goa,Entire home/apt,3,2,9,1,0,15.39,18349
987,Mumbai,Shared room,4,3,1,1,0,18.24,5314
988,Goa,Private room,2,4,3,1,1,18.07,17892
989,Mumbai,Shared room,4,1,10,1,1,5.24,17805
990,Delhi,Shared room,3,2,1,1,0,6.47,8603
991,Bengaluru,Shared room,3,4,1,0,1,19.85,19470
992,Delhi,Private room,1,2,9,0,0,14.42,13894
993,Mumbai,Private room,3,3,10,1,0,5.52,14721
994,Mumbai,Shared room,4,1,10,0,0,11.95,15138
995,Mumbai,Private room,1,2,9,0,1,13.8,615
996,Goa,Private room,4,1,10,1,1,10.98,1687
997,Goa,Private room,2,1,7,1,0,8.44,11970
998,Mumbai,Entire home/apt,2,3,3,0,1,3.13,18106
999,Delhi,Shared room,4,2,10,1,1,14.54,6442
1000,Bengaluru,Private room,2,2,4,1,0,9.09,15120
